PRAGMA foreign_keys=OFF;
BEGIN TRANSACTION;
CREATE TABLE users (
	id INTEGER NOT NULL, 
	username VARCHAR, 
	password_hash VARCHAR, 
	email VARCHAR, 
	created_at DATETIME, is_admin INTEGER DEFAULT 0, 
	PRIMARY KEY (id)
);
INSERT INTO users VALUES(1,'nawal','scrypt:32768:8:1$ATpzGPUEQopTcHFF$d8b9c461158a3963171a87b3ecf98582226bc518ab483a2f65c210b0e837eeda16ad913f701d1356ca8857b1024fc037adc326f6cac17bec107bd5fbc57c1a14','naoualkhelloufitmp@gmail.com','2025-07-02 14:52:22.486493',0);
INSERT INTO users VALUES(4,'Loubna','scrypt:32768:8:1$pLjW6V6eLXBLvukp$a5c6695c65a12dca34be0b3c07cee8da91c3500246aa8ed3cafb5186d14eefe723c95cee89ad160a156f8b5d0e9ae8cc48c7fbc3c70485402aaea7f061b4fe1a','','2025-07-10 12:08:32.970636',0);
INSERT INTO users VALUES(6,'nawal2','scrypt:32768:8:1$HR8TyLxvJ6SxN35W$421b6b2b18f9fe7d6d2e6866fce91ee2ea32554fcadf5caf3e741406a12b609af46aa434efad056c012e799ae2577996e708e0c2ac727bdd58765486352f95ba','','2025-07-16 13:17:30.595482',0);
INSERT INTO users VALUES(8,'naoual_kh','scrypt:32768:8:1$XB7inx0tIVwddFow$07eb5e6dcf5c8a62faf3d58b53f8160c47dcc315c63790997a87f8ad48cc2c269b4a87349f1aadd5661a98bac07ab8da0b8320d292aba3bad2192abe0db91171',NULL,'2025-07-17 14:39:57.955863',1);
INSERT INTO users VALUES(9,'loubna_lh','scrypt:32768:8:1$8xZrxbAeo7ha3baJ$f91fabc28ea36aa548a1ac97f508d6fa914d71d9798e45405bd800d60fde415341c119fa7a632729890a4533c8230d8e0bf2c6455037a465a6594f2b07687d4e',NULL,'2025-07-17 17:20:28.862561',1);
INSERT INTO users VALUES(11,'admin','scrypt:32768:8:1$RDlV2YD4wrjfabXK$510c07ad178d085e78fefa200e7003e64d0a05abf1e97c65035b2dcd111bd1d7b8ec83495f9f7f70f477394c714a42636ee17392c2f09d1bb97a21c5b6d8cddd',NULL,'2025-07-27 03:37:17.129070',1);
INSERT INTO users VALUES(12,'user_s','scrypt:32768:8:1$Y9cMIEWEKB7hEnXO$217e71f0a8c4830202cc15a87a990de3857d5a2e3b96dc749fedd38616c0f928d7fa5611952ef3b5dae9045760dd4ff60c4be81e67f6a4536b9a1d0d5466d1d9','','2025-08-23 16:00:51.292878',0);
INSERT INTO users VALUES(13,'nawal_uit','scrypt:32768:8:1$HFhs7rfLEiXdNzd8$9bc80713b3f4915e42046e6d754a37993fed3cde7a75053c9f330e1382ad205f699935717c488caacb761ab89d403710ec20b5cb0d4b258b4baff7b6c280cbe4','naoual.khelloufi@uit.ac.ma','2025-08-23 17:46:28.688197',0);
INSERT INTO users VALUES(14,'khaloufi','scrypt:32768:8:1$Vo8Hsfc1rOCXL5HU$d189582bea5508a35e6e7a2ba8fd5d8de312a5b34cf364ad7ff6dd57429921d2b754050b343329ea01807931a74e089bdb8c639060ec1da7fa11ef5d6cc7b8b2','khaloufi2019n@gmail.com','2025-08-26 22:37:25.597476',0);
INSERT INTO users VALUES(15,'user_1','scrypt:32768:8:1$bqOdNYepMFIKhoiL$618b4a5cfb57ab7498ce8cd6d1db8c6f5145509c8f7392c5c195206d07cd3ca511dd5f20b40c304105a6a5ba7bb253a9191fda148ad13ba33934196ad0e8cf28','','2025-08-28 23:31:43.292230',0);
INSERT INTO users VALUES(17,'germani','scrypt:32768:8:1$J4KMObhoK2Lk8qZG$6b0f630dc6c67f2d69bdf889257da2554d72ac8921c739e6c42a2e08495ae2bdd1aee02aeb25f33bd23fa4c3378894bc5868afbd1c44b1a24dd918d0a289c265','germaniasalesnawal@gmail.com','2025-09-14 17:59:20.037614',0);
INSERT INTO users VALUES(18,'utilisateur1','scrypt:32768:8:1$pYIe1xX3nOIEFfnG$302b33b3fc79511a04965f0e0106709ffcc60b42bd6be945dcffe5b84294e2d5af78b8df3893017dee0b995403d5a089d99db50350d50852d8e98d55e33bcc5f','khelloufinaoualpro@gmail.com','2025-09-14 19:08:05.735123',0);
CREATE TABLE chat_history (
	id INTEGER NOT NULL, 
	user_id INTEGER, 
	question TEXT NOT NULL, 
	answer TEXT NOT NULL, 
	timestamp DATETIME, document_id INTEGER, 
	PRIMARY KEY (id), 
	FOREIGN KEY(user_id) REFERENCES users (id)
);
INSERT INTO chat_history VALUES(1,1,'c''est quoi le titre de ce document ?','Le titre de ce document est : "Projet d''application de chatbot pour analyse de contenu" ou plus précisément "Détails du projet d''application de chatbot pour analyse de contenu"','2025-07-11 15:49:43.963880',NULL);
INSERT INTO chat_history VALUES(2,1,'Donne moi un résumer de ce document',replace('Voici un résumé du document :\n\nLe document décrit la conception et le développement d''une application web qui permet aux utilisateurs de télécharger des fichiers, d''auto-entraîner un modèle NLP (Réseau de neurones artificiel) avec ces fichiers et d''utiliser l''intelligence artificielle pour répondre à leurs questions. L''application doit être ergonomique, sécurisée et performante.\n\nLes fonctionnalités clés de l''application sont :\n\n* Téléchargement de fichiers PDF, TXT, CSV, etc.\n* Entraînement automatique du modèle NLP avec les fichiers téléchargés\n* Interface de chat pour poser des questions et obtenir des réponses contextuelles\n\nLe document décrit également les contraintes techniques, telles que la mise en œuvre d''un backend Python ou Node.js, d''un frontend JavaScript avec React ou Angular, ainsi que la nécessité d''une base de données sécurisée.\n\nLes livrables attendus incluent :\n\n* Une documentation technique détaillée\n* Le code source développé avec gestion de versions Git\n* Des instructions pour le déploiement et la maintenance\n* Un prototype opérationnel de l''application\n* Un rapport de stage détaillant le processus de développement, les tests effectués et les perspectives d''évolution\n\nLes critères de réussite incluent :\n\n* Les fonctionnalités complètes et opérationnelles\n* L''intuitivité de l''interface utilisateur\n* La performance et la rapidité des réponses\n* La sécurité des données','\n',char(10)),'2025-07-11 15:59:49.991869',NULL);
INSERT INTO chat_history VALUES(3,1,'Résume moi ce fichier ?',replace('Ce fichier semble être un document de projet pour développer une application web qui analyse le plagiat dans des documents. Voici les points clés que j''ai identifiés :\n\n**Objectif du projet :** Développer une application web qui permet d''analyser le plagiat dans des documents et de générer un rapport détaillé.\n\n**Fonctionnalités :**\n\n1. Gestion de fichiers : l''application doit permettre d''ajouter, de télécharger et de stocker des fichiers.\n2. Analyse NLP : l''application utilise des algorithmes de traitement du langage naturel (NLP) pour analyser les similitudes textuelles entre les documents uploadés et ceux stockés dans la base.\n3. Génération de rapport : l''application génère un rapport détaillé qui présente les similarités, le taux de plagiat global et par sections du document.\n\n**Technologies utilisées :**\n\n1. Backend : Python (Django ou Flask) ou Node.js\n2. Frontend : JavaScript avec frameworks tels que React ou Angular\n3. Modules NLP : intégration de bibliothèques de traitement du langage naturel (par exemple, spaCy, NLTK, ou des modèles transformer)\n4. Base de données : utilisation d''un SGBD relationnel (MySQL, PostgreSQL) ou NoSQL pour stocker les documents et métadonnées.\n5. Sécurité : mise en œuvre de protocoles de chiffrement, gestion des droits d''accès et sauvegarde régulière des données.\n\n**Livrables attendus :**\n\n1. Documentation technique détaillée\n2. Code source complet avec gestion de versions (Git)\n3. Instructions pour le déploiement, la configuration et la maintenance\n4. Site web opérationnel permettant la gestion des fichiers, le téléchargement et l''analyse de plagiat.\n5. Rapport de stage détaillant le processus de conception, les développements réalisés, les tests effectués et les perspectives d''évolution.\n\n**Critères de réussite :**\n\n1. Fonctionnalité complète\n2. Interface utilisateur intuitive\n3. Performance et rapidité\n4. Sécurité des données\n5. Documentation exhaustive','\n',char(10)),'2025-07-17 19:53:55.266965',NULL);
INSERT INTO chat_history VALUES(4,1,'c''est quoi le titre de ce fichier ?','Le titre de ce fichier est : "Projet de système d''analyse de plagiat"','2025-07-23 21:42:27.722957',NULL);
INSERT INTO chat_history VALUES(5,1,'donne moi un petit résumer de ce fichier',replace('Ce fichier semble être une proposition de projet pour développer une plateforme d''analyse de plagiat en ligne. Voici un résumé des principaux points :\n\n**Objectif :** Développer une plateforme qui permet aux utilisateurs de téléverser des documents et d''y détecter les similitudes avec des documents existants.\n\n**Fonctionnalités :**\n\n1. Gestion de fichiers : permettre à l''utilisateur de téléverser des documents.\n2. Analyse NLP (Natural Language Processing) : utiliser des algorithmes pour analyser les similitudes textuelles entre le document téléversé et les documents existants.\n3. Génération de rapport : générer un rapport détaillé avec les passages ou segments de texte similaires, ainsi que le taux de plagiat global et par sections du document.\n\n**Contraintes techniques :**\n\n1. Technologies web : Python (Django, Flask) ou Node.js pour le backend, JavaScript avec frameworks tels que React ou Angular pour le frontend.\n2. Modules NLP : intégrer des bibliothèques de traitement du langage naturel (par exemple, spaCy, NLTK).\n3. Base de données : utiliser un SGBD relationnel (MySQL, PostgreSQL) ou NoSQL pour stocker les documents et métadonnées.\n\n**Critères de réussite :**\n\n1. Fonctionnalité complète\n2. Interface utilisateur intuitive\n3. Performance et rapidité\n4. Sécurité des données\n\nCe projet semble nécessiter une collaboration avec un équipe de développeurs, des experts en NLP et des spécialistes de la sécurité pour garantir la qualité et la fiabilité de la plateforme.','\n',char(10)),'2025-07-23 21:50:16.613145',NULL);
INSERT INTO chat_history VALUES(6,1,'c''est quoi le titre de ce fichier ?','Le titre de ce fichier est : "Description Fonctionnelle"','2025-07-24 01:15:54.940736',NULL);
INSERT INTO chat_history VALUES(7,1,'de quoi parle ce fichier ?',replace('Ce fichier semble être un document de projet ou une description d''un projet de développement logiciel. Il contient des informations sur le sujet du projet, les objectifs, les technologies utilisées, les fonctionnalités attendues et les critères de réussite.\n\nPlus précisément, il semble traiter de la création d''une application web pour analyser et détecter le plagiat dans les documents texte. Le fichier présente un plan détaillé du projet, y compris les phases de conception, développement, tests et livraison. Il fournit également des informations sur les technologies utilisées (par exemple, Python, Django, React), les bibliothèques NLP (par exemple, spaCy, NLTK) et les exigences en matière de sécurité.\n\nEn résumé, ce fichier est une description d''un projet de développement logiciel visant à créer une application web pour analyser le plagiat dans les documents texte.','\n',char(10)),'2025-07-26 13:50:06.040738',NULL);
INSERT INTO chat_history VALUES(9,1,'c''est quoi le titre de ce fichier ?','Le titre de ce fichier est : NLP – Plagiat System (Site Web).','2025-07-26 15:06:35.861513',NULL);
INSERT INTO chat_history VALUES(10,1,'extrait moi l''introduction de ce fichier ?',replace('L''introduction est la première section du document. Voici l''extrait :\n\n"Le projet consiste à développer une application web permettant la détection de plagiat entre un ensemble de documents préalablement enregistrés dans une base de données et un nouveau document uploadé par l’utilisateur. Grâce à l’utilisation des techniques avancées de traitement du langage naturel (NLP), le système analysera le contenu des fichiers afin de repérer les similitudes et de générer un rapport détaillé sur les éventuels cas de plagiat."','\n',char(10)),'2025-07-26 15:09:24.721404',NULL);
INSERT INTO chat_history VALUES(12,1,'résume moi ce fichier ',replace('Le fichier décrit un projet de développement d''une application web pour détecter les cas de plagiat entre des documents. L''application doit permettre à l''utilisateur d''ajouter et de gérer ses fichiers dans une base de données, comparer un nouveau document aux documents existants en utilisant des techniques de traitement du langage naturel (NLP), générer un rapport détaillé sur les éventuels cas de plagiat et assurer la sécurité et la confidentialité des données.\n\nLes objectifs du projet sont :\n\n* Développer une plateforme web conviviale\n* Mettre en place un mécanisme automatisé pour comparer un nouveau document aux documents existants\n* Générer un rapport détaillé mettant en évidence les passages similaires et le taux de plagiat\n* Assurer la sécurité et la confidentialité des données\n* Garantir une performance et une scalabilité rapides\n\nLe projet doit être réalisé en utilisant des technologies telles que Python, Node.js, JavaScript, React ou Angular, ainsi qu'' des bibliothèques de traitement du langage naturel comme spaCy ou NLTK.','\n',char(10)),'2025-07-26 16:18:23.417993',NULL);
INSERT INTO chat_history VALUES(13,1,'de quoi parle ce fichier ?',replace('Ce fichier semble être lié à un projet de stage sur le traitement du langage naturel (NLP) et spécifiquement sur le modèle Retrieval Augmented Generation (RAG). Il présente une description détaillée d''un système web interactif qui permettrait aux utilisateurs de télécharger des fichiers, d''entraîner un modèle NLP de type RAG sur ces documents et d''interagir avec ces données via une interface de chat intuitive.\n\nEn particulier, le fichier semble aborder les aspects techniques du projet, tels que l''architecture du système, les choix technologiques, la conception de l''interface utilisateur, la sécurité des données, la scalabilité et la compatibilité. Il fournit également des informations sur les objectifs du projet, les livrables attendus et le planning prévisionnel.\n\nEn résumé, ce fichier semble être une documentation technique pour un projet de stage lié à l''NLP et au modèle RAG, qui vise à développer un système web interactif pour exploiter des techniques avancées de traitement du langage naturel.','\n',char(10)),'2025-07-26 22:48:07.522226',NULL);
INSERT INTO chat_history VALUES(14,1,'qu''est ce que tu comprends de ce fichier ?','Je ne comprends pas la question. Il n''y a aucune mention d''un fichier dans le contexte fourni.','2025-09-04 13:06:32.081594',NULL);
INSERT INTO chat_history VALUES(15,1,'de quoi parle ce fichier ?','Je ne trouve pas d''information sur le contenu du fichier. Le contexte fourni concerne un projet de développement d''une plateforme capable de détecter les cyberattaques, les prédire et y répondre en temps réel, ainsi que la description des membres de l''équipe, des fonctionnalités du système, de l''architecture du projet et des étapes de création du projet.','2025-09-04 13:14:47.299664',NULL);
INSERT INTO chat_history VALUES(16,1,'c''est quoi le sujet de ce ficher ? le titre complet ?','Le sujet du fichier est : Développement d’une plateforme capable de détecter les cyberattaques, les prédire, et y répondre en temps réel.','2025-09-04 13:18:20.473264',NULL);
INSERT INTO chat_history VALUES(17,1,'que pense tu de ce sujet ? ',replace('Je trouve ce sujet très intéressant et pertinent dans le domaine de la cybersécurité. La création d''une plateforme capable de détecter les cyberattaques, les prédire et y répondre en temps réel est une approche innovante pour protéger les systèmes informatiques contre les menaces potentielles.\n\nLa diversification des fonctionnalités du système, notamment la détection et la prédiction d''attaques, ainsi que l''intégration de chatbots capables de résoudre des problèmes de cybersécurité et donner des conseils aux utilisateurs, me semble très prometteuse. L''utilisation de NLP pour l''analyse des textes et les prédictions d''attaques, ainsi que Computer Vision pour analyser des images, constitue un avantage significatif dans la détection des anomalies.\n\nLa mise en place d''une base de données NoSQL comme MongoDB pour stocker les données, telles que les journaux d''attaques, les interactions utilisateur avec le chatbot et les réponses automatiques, permettra une gestion efficace des données et une amélioration continue du système.\n\nEnfin, l''utilisation de deep learning pour la détection des anomalies dans le réseau et la reconnaissance vocale pour permettre à l''utilisateur de communiquer par voix sont des éléments clés qui contribueront à la sécurité et à l''efficacité de la plateforme.','\n',char(10)),'2025-09-04 13:20:58.982221',NULL);
INSERT INTO chat_history VALUES(18,1,'donner les informations de l  encadrant interne',replace('Il semble que vous faites référence à la section "Neural Network Implementation" (Implémentation d''un réseau neural) du texte fourni. \n\nDans cette section, les informations sur l''encadrant interne (ou le réseau de résonance locale, LRCN) sont mentionnées brièvement. Cependant, il semble qu''il n''y ait pas beaucoup d''informations fournies sur cet aspect.\n\nCependant, je peux vous donner quelques détails généraux sur les réseaux de résonance locale (LRCN), qui sont souvent utilisés dans les applications de reconnaissance d''images et de traitement du langage naturel. \n\nLes réseaux de résonance locale sont un type de réseau neural qui utilise des couches de convolution et des couches de pooling pour extraire des représentations hiérarchiques à partir des données d''entrée. Ces couches de pooling permettent de réduire la dimensionnalité des données tout en conservant les informations clés.\n\nDans le contexte du projet de reconnaissance de chiffres, un réseau de résonance locale pourrait être utilisé pour extraire des représentations locales à partir des images d''entrée, qui seraient ensuite combinées pour produire une représentation globale.\n\nCependant, je n''ai pas trouvé d''informations spécifiques sur les détails de l''implémentation du réseau de résonance locale dans le projet fourni.','\n',char(10)),'2025-09-04 14:40:20.747255',NULL);
INSERT INTO chat_history VALUES(19,1,'c''est quoi les caractéristiques montionner dans ce fichier?',replace('A question about data analysis!\n\nAfter analyzing the provided text, I can infer some characteristics of the data contained in this file. Please note that without seeing the actual file contents, my answers are based on general assumptions.\n\n**Data structure:**\nThe data appears to be a tabular or structured dataset, possibly in CSV (Comma Separated Values) format, given the mention of "fichier" which is French for "file".\n\n**Data types:**\nBased on the column names and values, I can identify some common data types:\n\n* **Integers:** Many columns contain integer values, such as `id`, `date`, `montion` (which might be a typo or a misspelling of "montée" meaning "rise"), etc.\n* **Strings:** Some columns seem to contain string values, like `nom`, `prenom`, `ville`, etc.\n\n**Data distribution:**\nWithout seeing the actual data, it''s difficult to determine the exact distribution. However, I can make some educated guesses:\n\n* **Numerical distributions:** The presence of integer and possibly floating-point numbers suggests that there might be numerical distributions in the data.\n* **Categorical distributions:** The string columns could represent categorical variables or labels.\n\n**Missing values:**\nUnfortunately, without more information, it''s hard to determine if there are any missing values (NaNs) in the dataset. However, some columns like `montion` seem to have a lot of zeros or low values, which might indicate missing data.\n\n**Data size and complexity:**\nThe file appears to contain a moderate-sized dataset with around 47 rows and 48 columns. The complexity of the data is difficult to assess without more information about the relationships between variables.\n\nPlease note that these are just educated guesses based on general assumptions. If you provide more context or details about the actual file contents, I''d be happy to refine my answers!','\n',char(10)),'2025-09-04 15:19:09.178106',NULL);
INSERT INTO chat_history VALUES(20,14,'what is this file about?','This file is about developing a plagiarism detection system using Natural Language Processing (NLP) techniques. The system will allow users to upload documents, compare them with existing ones in a database, and generate a detailed report on any potential cases of plagiarism.','2025-09-05 10:54:36.666249',NULL);
INSERT INTO chat_history VALUES(21,14,'de quoi parle ce fichier ?',replace('Ce fichier semble être une lecture ou un tutoriel sur les techniques de traitement du langage naturel (NLP) et plus précisément sur les architectures de réseaux de neurones pour le traitement du langage. Les sujets abordés incluent :\n\n*   Les normalisations des données, notamment la batch normalization et la layer normalization\n*   Les positional encodings, qui sont utilisées dans les modèles de traitement automatique du langage (ATL) tels que BERT et LLaMA\n*   Les stratégies d''inference pour les réseaux de neurones, notamment le random sampling, Top K et Top P','\n',char(10)),'2025-09-05 11:29:14.139727',NULL);
INSERT INTO chat_history VALUES(22,14,'tu peut me donner un résumer ?',replace('Il semble que le texte fourni est une transcription d''une vidéo ou d''un cours sur l''apprentissage automatique et la machine learning. Voici un résumé des principaux points :\n\n1. **Normalisation** : Les normalisations sont utilisées pour améliorer les performances des modèles de machine learning. Il existe plusieurs types de normalisation :\n   - La normalisation par colonnes (Batch Normalization) qui normalise chaque colonne séparément.\n   - La normalisation par ligne (Layer Normalization) qui normalise chaque ligne séparément.\n   - La normalisation par racine carrée moyenne (RMS Norm) qui normalise les valeurs en fonction de leur variance.\n\n2. **Positionnal Encodings** : Les positionnal encodings sont utilisées pour représenter la position d''un élément dans un ensemble. Il existe deux types de positionnal encodings :\n   - La positionnal encoding absolue qui représente la position absolue d''un élément.\n   - La positionnal encoding relative qui représente la distance entre deux éléments.\n\n3. **Inference strategies** : Les inference strategies sont utilisées pour sélectionner les tokens à partir des résultats de softmax. Il existe trois stratégies :\n   - La stratégie par échantillonnage aléatoire (Random Sampling) qui sélectionne un token au hasard.\n   - La stratégie Top K qui sélectionne les k tokens avec les plus hauts probabilités.\n   - La stratégie Top P qui sélectionne les tokens avec les plus hauts probabilités, de telle sorte que leur probabilité cumulée soit supérieure à un paramètre donné.\n\nCes concepts sont importants dans le domaine du traitement automatique des langages naturels (NLP) et sont utilisés pour améliorer la précision des modèles de machine learning.','\n',char(10)),'2025-09-05 11:39:23.916542',NULL);
INSERT INTO chat_history VALUES(23,1,'hello','Hello! How can I assist you today?','2025-09-08 18:10:15.790147',NULL);
INSERT INTO chat_history VALUES(24,1,'I want you to give me information about Python and how I can use it in AI ',replace('Python is a popular high-level programming language widely used in Artificial Intelligence (AI) due to its simplicity, flexibility, and extensive libraries. Here''s an overview of how you can use Python in AI:\n\n1. **Machine Learning**: Python has excellent libraries like scikit-learn, TensorFlow, and Keras for building and training machine learning models.\n2. **Deep Learning**: Python is the primary language used in deep learning frameworks like TensorFlow, Keras, and PyTorch.\n3. **Natural Language Processing (NLP)**: Libraries like NLTK, spaCy, and gensim make it easy to work with text data and build NLP applications.\n4. **Computer Vision**: OpenCV is a popular library for image and video processing, object detection, and more.\n\nTo get started with Python in AI, you can:\n\n* Learn the basics of Python programming\n* Explore libraries like scikit-learn, TensorFlow, or PyTorch\n* Practice building projects using datasets from Kaggle, UCI Machine Learning Repository, or other sources\n\nWhich area of AI are you most interested in exploring?','\n',char(10)),'2025-09-08 18:12:20.400423',NULL);
INSERT INTO chat_history VALUES(25,1,'est ce que tu peut me donner un exemple d''utilisation ?',replace('Excellente question !\n\nPour répondre à votre demande, voici un exemple d''utilisation de notre assistant :\n\n"Bonjour ! Je suis en train de planifier une vacance et je voudrais savoir si vous pouvez m''aider à trouver des activités pour faire avec ma famille. Pouvez-vous me suggérer quelques idées de sorties à faire à Paris ?"\n\nEt voici comment j''aurais répondu :\n\n"Oui, bien sûr ! Voici quelques idées d''activités pour faire avec votre famille à Paris :\n\n* Visiter le Musée du Louvre\n* Prendre un bain de soleil au parc des Buttes-Chaumont\n* Faire une promenade le long de la Seine\n\nJ''espère que cela vous aidera ! N''hésitez pas à me poser d''autres questions si vous en avez besoin."','\n',char(10)),'2025-09-08 18:14:50.555203',NULL);
INSERT INTO chat_history VALUES(26,1,'non tu m''a donnée un exemple qui n''a aucune relation avec l''utilisation du language Python, moi je veut un exemple concret de l''utilisation du language Python ',replace('D''accord, je vais te donner un exemple concret d''utilisation du langage Python.\n\nExemple : Création d''un programme qui affiche les nombres impairs entre 1 et 20 inclus :\n\n```python\nfor i in range(1, 21):\n    if i % 2 != 0:\n        print(i)\n```\n\nC''est un exemple simple mais utile pour comprendre comment utiliser une boucle `for` avec une condition dans Python.','\n',char(10)),'2025-09-08 18:17:37.243203',NULL);
INSERT INTO chat_history VALUES(27,17,'hello, can you help me ?','Of course! I''d be happy to help. What do you need assistance with?','2025-09-14 18:00:32.488878',NULL);
INSERT INTO chat_history VALUES(28,17,'what''s the meaning of artificial intelligence ?','Artificial intelligence refers to the development of computer systems that can perform tasks that typically require human intelligence, such as learning, problem-solving, and decision-making.','2025-09-14 18:01:20.601789',NULL);
INSERT INTO chat_history VALUES(29,17,'De quoi parle ce fichier ?',replace('Ce fichier semble être lié au projet de stage sur le traitement du langage naturel (NLP) et la technologie RAG. Il contient probablement des informations sur les objectifs, les fonctionnalités et les contraintes techniques du système à développer.\n\nEn particulier, il semble aborder les aspects suivants :\n\n* L''objectif de développer un système web interactif pour exploiter des techniques avancées de traitement du langage naturel (NLP) associées au modèle Retrieval Augmented Generation (RAG).\n* Les fonctionnalités à développer, telles que l''upload et le prétraitement de documents multiples, l''entraînement d''un modèle NLP de type RAG sur ces documents, et une interface de chat pour poser des questions et obtenir des réponses basées sur le contenu des documents.\n* Les contraintes techniques, telles que la sécurité et la scalabilité du système.\n\nCependant, je n''ai pas trouvé d''information spécifique sur ce fichier qui permettrait de déterminer exactement de quoi il parle.','\n',char(10)),'2025-09-14 18:08:01.008764',NULL);
INSERT INTO chat_history VALUES(30,17,'donne moi plus de détailles sur le nlp',replace('Selon le contexte fourni, les techniques de traitement du langage naturel (NLP) associées au modèle Retrieval Augmented Generation (RAG) sont utilisées pour développer l''application web.\n\nLes détails sur le NLP sont les suivants :\n\n* Le système utilise un modèle RAG pour générer des réponses contextuelles basées sur le contenu des fichiers téléchargés.\n* L''analyse de contenu est effectuée pour extraire les données pertinentes à partir des fichiers, qui sont ensuite utilisées pour entraîner le modèle NLP.\n* Le modèle NLP utilise l''extraction de contenu et la mise en place d''un pipeline permettant au modèle de s''auto-entraîner sur le contenu des fichiers téléchargés.\n* Les réponses générées par le modèle NLP sont contextuelles et pertinentes, ce qui permet aux utilisateurs de recevoir des informations utiles et précises.\n\nIl n''y a pas d''autres détails spécifiques sur les techniques de NLP associées au RAG dans le contexte fourni.','\n',char(10)),'2025-09-14 18:10:39.878561',NULL);
INSERT INTO chat_history VALUES(31,17,'donne moi plus de détailles sur le nlp',replace('Selon le contexte fourni, les techniques de traitement du langage naturel (NLP) associées au modèle Retrieval Augmented Generation (RAG) sont utilisées pour développer l''application web.\n\nLes détails sur le NLP sont les suivants :\n\n* Le système utilise un modèle RAG pour générer des réponses contextuelles basées sur le contenu des fichiers téléchargés.\n* L''analyse de contenu est effectuée pour extraire les données pertinentes à partir des fichiers, qui sont ensuite utilisées pour entraîner le modèle NLP.\n* Le modèle NLP utilise l''extraction de contenu et la mise en place d''un pipeline permettant au modèle de s''auto-entraîner sur le contenu des fichiers téléchargés.\n* Les réponses générées par le modèle NLP sont contextuelles et pertinentes, ce qui permet aux utilisateurs de recevoir des informations utiles et précises.\n\nIl n''y a pas d''autres détails spécifiques sur les techniques de NLP associées au RAG dans le contexte fourni.','\n',char(10)),'2025-09-14 18:10:40.493799',NULL);
INSERT INTO chat_history VALUES(32,18,'hi , can you help me ?','I''d be happy to help you. What''s on your mind?','2025-09-14 19:09:25.358680',NULL);
INSERT INTO chat_history VALUES(33,18,'what''s the meaning of artificial intelligence ?','Artificial Intelligence (AI) refers to the simulation of human intelligence in machines that are programmed to think and learn like humans.','2025-09-14 19:10:06.954804',NULL);
INSERT INTO chat_history VALUES(34,18,'de quoi parle ce fichier ?','Ce fichier semble être une description d''un projet de stage en développement d''une application web pour l''analyse du langage naturel (NLP) et la générative augmentée (RAG). Le système proposé permettra aux utilisateurs de télécharger des fichiers, tels que des PDF, .txt ou .docx, qui seront ensuite analysés par un modèle NLP de type RAG pour générer des réponses contextuelles.','2025-09-14 19:16:12.108916',NULL);
INSERT INTO chat_history VALUES(35,18,'donne moi plus de détailles ',replace('D''après le contexte fourni, voici des détails supplémentaires :\n\n**Téléchargement de fichiers**\n\n* Les formats acceptés pour les fichiers téléchargés sont PDF, TXT, CSV, etc.\n* L''interface utilisateur propose une sélection et un téléchargement de plusieurs fichiers simultanément.\n* Un contrôle de validité et de format des fichiers téléchargés est effectué pour garantir la qualité des données.\n\n**Entraînement automatique du modèle**\n\n* Le système utilise un pipeline d''extraction de contenu et d''auto-entraînement pour mettre en place le modèle NLP.\n* L''auto-entraînement permet au modèle de s''adapter aux nouveaux fichiers ajoutés, ce qui permet une mise à jour régulière du modèle.\n* La possibilité de ré-entraîner ou de mettre à jour le modèle est également proposée.\n\n**Interface de chat**\n\n* L''interface de chat propose un chatbot intégré pour les interactions avec les utilisateurs.\n* Les réponses générées sont basées sur les informations extraites du contenu des fichiers téléchargés.\n* Un historique des échanges est conservé pour consultation ultérieure.\n\n**Administration et gestion**\n\n* L''interface administrateur propose des outils de gestion des utilisateurs, des fichiers téléchargés et des sessions de chat.\n* Des statistiques sur l''utilisation du système et les interactions sont disponibles.\n\n**Contraintes techniques**\n\n* La technologie web prévue est Python (Django ou Flask) pour le backend et JavaScript avec React ou Angular (ou Bootstrap) pour le frontend.\n* Le modèle NLP est implémenté ou intégré à un modèle RAG équivalent.\n* La base de données est un système de gestion de bases de données relationnelles ou NoSQL.\n\n**Livrables attendus**\n\n* Une documentation technique détaillée de l''architecture du système, des choix technologiques et méthodes d''implémentation.\n* Un code source développé avec gestion de versions (Git).\n* Des instructions claires pour le déploiement et la maintenance.\n* Une interface web fonctionnelle opérationnelle incluant le téléchargement de fichiers, l''auto-entraînement du modèle et l''interface de chat.\n\n**Planning prévisionnel**\n\n* Un planning détaillé sera élaboré en concertation avec l''encadrant, comprenant les phases suivantes :\n 1. Analyse et spécifications\n 2. Conception de l''architecture et du design\n 3. Développement et intégration\n 4. Tests et débogage\n 5. Rédaction du rapport et préparation de la soutenance\n\n**Critères de réussite**\n\n* Les fonctionnalités complètes et opérationnelles sont mises en place.\n* L''interface utilisateur est intuitive et ergonomique.\n* La performance et la rapidité des réponses sont améliorées.\n* La sécurité des données est garantie.\n* Une documentation exhaustive est produite.','\n',char(10)),'2025-09-14 19:21:07.367239',NULL);
INSERT INTO chat_history VALUES(36,18,'donne moi plus de détailles ',replace('D''après le contexte fourni, voici des détails supplémentaires :\n\n**Téléchargement de fichiers**\n\n* Les formats acceptés pour les fichiers téléchargés sont PDF, TXT, CSV, etc.\n* L''interface utilisateur propose une sélection et un téléchargement de plusieurs fichiers simultanément.\n* Un contrôle de validité et de format des fichiers téléchargés est effectué pour garantir la qualité des données.\n\n**Entraînement automatique du modèle**\n\n* Le système utilise un pipeline d''extraction de contenu et d''auto-entraînement pour mettre en place le modèle NLP.\n* L''auto-entraînement permet au modèle de s''adapter aux nouveaux fichiers ajoutés, ce qui permet une mise à jour régulière du modèle.\n* La possibilité de ré-entraîner ou de mettre à jour le modèle est également proposée.\n\n**Interface de chat**\n\n* L''interface de chat propose un chatbot intégré pour les interactions avec les utilisateurs.\n* Les réponses générées sont basées sur les informations extraites du contenu des fichiers téléchargés.\n* Un historique des échanges est conservé pour consultation ultérieure.\n\n**Administration et gestion**\n\n* L''interface administrateur propose des outils de gestion des utilisateurs, des fichiers téléchargés et des sessions de chat.\n* Des statistiques sur l''utilisation du système et les interactions sont disponibles.\n\n**Contraintes techniques**\n\n* La technologie web prévue est Python (Django ou Flask) pour le backend et JavaScript avec React ou Angular (ou Bootstrap) pour le frontend.\n* Le modèle NLP est implémenté ou intégré à un modèle RAG équivalent.\n* La base de données est un système de gestion de bases de données relationnelles ou NoSQL.\n\n**Livrables attendus**\n\n* Une documentation technique détaillée de l''architecture du système, des choix technologiques et méthodes d''implémentation.\n* Un code source développé avec gestion de versions (Git).\n* Des instructions claires pour le déploiement et la maintenance.\n* Une interface web fonctionnelle opérationnelle incluant le téléchargement de fichiers, l''auto-entraînement du modèle et l''interface de chat.\n\n**Planning prévisionnel**\n\n* Un planning détaillé sera élaboré en concertation avec l''encadrant, comprenant les phases suivantes :\n 1. Analyse et spécifications\n 2. Conception de l''architecture et du design\n 3. Développement et intégration\n 4. Tests et débogage\n 5. Rédaction du rapport et préparation de la soutenance\n\n**Critères de réussite**\n\n* Les fonctionnalités complètes et opérationnelles sont mises en place.\n* L''interface utilisateur est intuitive et ergonomique.\n* La performance et la rapidité des réponses sont améliorées.\n* La sécurité des données est garantie.\n* Une documentation exhaustive est produite.','\n',char(10)),'2025-09-14 19:21:07.769109',NULL);
CREATE TABLE documents (
	id INTEGER NOT NULL, 
	owner_id INTEGER NOT NULL, 
	path VARCHAR, 
	title VARCHAR, 
	uploaded DATETIME, 
	PRIMARY KEY (id), 
	FOREIGN KEY(owner_id) REFERENCES users (id)
);
INSERT INTO documents VALUES(1,1,'data/docs/user_1/NLP – Plagiat System .pdf','NLP – Plagiat System .pdf','2025-07-26 13:43:48.464695');
INSERT INTO documents VALUES(2,1,'data/docs/user_1/NLP - RAG SYSTEM .pdf','NLP - RAG SYSTEM .pdf','2025-07-26 22:42:34.883173');
INSERT INTO documents VALUES(3,1,'data/docs/user_1/generic_resume-1.pdf','generic_resume-1.pdf','2025-08-23 15:05:16.994827');
INSERT INTO documents VALUES(4,1,'data/docs/user_1/Correction_travaux_pratiques_Signal et Image_Lience IAID (1).pdf','Correction_travaux_pratiques_Signal et Image_Lience IAID (1).pdf','2025-08-23 15:34:05.333609');
INSERT INTO documents VALUES(5,12,'data/docs/user_12/generic_resume-1.pdf','generic_resume-1.pdf','2025-08-23 16:01:31.956426');
INSERT INTO documents VALUES(6,1,'data/docs/user_1/descriptif_securité_ia.pdf','descriptif_securité_ia.pdf','2025-09-04 13:10:48.426425');
INSERT INTO documents VALUES(7,1,'data/docs/user_1/fiche (1).docx','fiche (1).docx','2025-09-04 14:32:15.894004');
INSERT INTO documents VALUES(9,14,'data/docs/user_14/NLP – Plagiat System .pdf','NLP – Plagiat System .pdf','2025-09-05 10:46:18.602989');
INSERT INTO documents VALUES(10,14,'data/docs/user_14/Slides.pdf','Slides.pdf','2025-09-05 11:21:08.472627');
INSERT INTO documents VALUES(11,1,'data/docs/user_1/reporting.csv','reporting.csv','2025-09-08 18:25:02.915488');
INSERT INTO documents VALUES(12,1,'data/docs/user_1/TP1_1.pdf','TP1_1.pdf','2025-09-12 23:05:17.665999');
INSERT INTO documents VALUES(13,17,'data/docs/user_17/NLP - RAG SYSTEM .pdf','NLP - RAG SYSTEM .pdf','2025-09-14 18:01:57.989663');
INSERT INTO documents VALUES(14,18,'data/docs/user_18/NLP - RAG SYSTEM .pdf','NLP - RAG SYSTEM .pdf','2025-09-14 19:10:45.482923');
CREATE TABLE password_reset_tokens (
	id INTEGER NOT NULL, 
	user_id INTEGER NOT NULL, 
	token_hash VARCHAR(64) NOT NULL, 
	expires_at DATETIME NOT NULL, 
	used_at DATETIME, 
	PRIMARY KEY (id), 
	FOREIGN KEY(user_id) REFERENCES users (id)
);
INSERT INTO password_reset_tokens VALUES(1,14,'ac2a7e6abcdb4e8b27346ae22e069159e654e99bb37dd52592a964fd88559ed7','2025-08-26 23:38:00.419141',NULL);
INSERT INTO password_reset_tokens VALUES(2,14,'e49f99849a17c839af0e1bb73765efa030b20ea9afdde13964641a813201a044','2025-08-27 16:42:44.722055','2025-08-27 15:43:17.621386');
INSERT INTO password_reset_tokens VALUES(3,14,'7bb4c7eac55d3c882a3c2ee4ea575831d64be19b41f18f9d3d4e08fd0ac1598f','2025-08-27 16:52:16.652448','2025-08-27 15:53:00.732287');
INSERT INTO password_reset_tokens VALUES(4,14,'31ea1eea77fc590de39efe74d519c2b31ab464696fb9c25a0b203ac3b40632a6','2025-08-27 17:03:08.170276','2025-08-27 16:03:55.877267');
INSERT INTO password_reset_tokens VALUES(5,14,'7b379448f2901175f4db35f144c7053066834f6d2adf20eba6db81f8de0bc3a9','2025-08-27 18:32:18.185933',NULL);
INSERT INTO password_reset_tokens VALUES(6,14,'e107db0e9bc90db389d46ab162fc5d0141512f632a8c5ef461cdb8157547d60e','2025-08-27 18:40:49.207374','2025-08-27 17:41:45.209670');
INSERT INTO password_reset_tokens VALUES(7,14,'b8966e06560be464ebd84353319d8e31a59548231f63c726e208ead49942c4d8','2025-08-27 18:43:29.382912','2025-08-27 17:44:30.863511');
INSERT INTO password_reset_tokens VALUES(8,14,'d7a6a77c4c881d470310ec6e221f4fbfd9d8ac976e77bfbfe57a46ac13f3aaa0','2025-08-28 23:39:10.449473','2025-08-28 22:39:42.880220');
INSERT INTO password_reset_tokens VALUES(9,14,'1b158303ed8ff4b119b8917eaa2e92585f9e37b4041a307a59c8ce17caf840e8','2025-08-28 23:51:23.776988','2025-08-28 22:52:09.646232');
INSERT INTO password_reset_tokens VALUES(10,14,'2cf6d8cf18d8ae119920f85056c266cfd04d549aca8267f9946b683f634df3cc','2025-08-29 00:23:15.142936','2025-08-28 23:23:50.977437');
INSERT INTO password_reset_tokens VALUES(11,14,'c04393781cc61e3048ee36fe7fd1658f274b78e1d47a3e927f99ee6a92f72f7b','2025-08-29 00:33:37.505798','2025-08-28 23:35:12.242151');
INSERT INTO password_reset_tokens VALUES(12,14,'544171768979191ae8595e785bfcbbb4d89bb0990c5d64e25074112281cbcbbc','2025-08-29 00:40:14.261654','2025-08-28 23:40:54.730129');
INSERT INTO password_reset_tokens VALUES(13,14,'de3234fdb2234fcac0a9d17c78d8d22645d8257023fc2861ac4d353b6cc71a63','2025-08-29 01:38:48.318707','2025-08-29 00:39:18.451404');
INSERT INTO password_reset_tokens VALUES(14,14,'73eb56ddc38f94f0d68dc57deba929492512a1fdd48ace9df9bfabaf359cc1eb','2025-08-30 18:20:36.571160','2025-08-30 17:21:00.998518');
INSERT INTO password_reset_tokens VALUES(15,14,'83cd19ef7c834e19dcee3d478f1b16a30e04e38778ce2ab029d20896dac24678','2025-08-30 18:54:41.939712','2025-08-30 17:55:15.302358');
INSERT INTO password_reset_tokens VALUES(16,14,'bdc96a1f2b44672fefded0bd626904b4da7e95fc8bc7c4a70a6374f25bc8484f','2025-08-30 18:57:37.339170','2025-08-30 17:58:23.756569');
INSERT INTO password_reset_tokens VALUES(17,14,'8e82d69eca2855980320a3ec7bcc93cccd1430d7ea5240cad60ed3e220292215','2025-09-04 13:20:51.896120','2025-09-04 12:21:27.836079');
INSERT INTO password_reset_tokens VALUES(18,14,'3f0c1f557d988e5ca0419d6bda5a0d6375a52106e4c5a7db75d8ceb003affab4','2025-09-12 20:21:37.093769','2025-09-12 19:22:40.111572');
INSERT INTO password_reset_tokens VALUES(19,17,'450ae87903825dcfb2bdd98e663714a3e7728c1f94612774014c082b2b21e10c','2025-09-14 19:11:24.034246','2025-09-14 18:12:19.872358');
INSERT INTO password_reset_tokens VALUES(20,14,'51f453522ea33786ced6edaecae7e4e885f40315d8aaccb473c324e7de992ff7','2025-09-14 20:23:53.125053','2025-09-14 19:24:16.411849');
CREATE INDEX ix_users_id ON users (id);
CREATE UNIQUE INDEX ix_users_username ON users (username);
CREATE INDEX ix_chat_history_id ON chat_history (id);
CREATE UNIQUE INDEX uq_users_email_not_null
ON users(email)
WHERE email IS NOT NULL AND trim(email) <> '';
CREATE UNIQUE INDEX ix_password_reset_tokens_token_hash ON password_reset_tokens (token_hash);
CREATE INDEX ix_password_reset_tokens_user_id ON password_reset_tokens (user_id);
COMMIT;
